County,zip
Los Angeles,90001
Los Angeles,90002
Los Angeles,90003
Los Angeles,90004
Los Angeles,90005
Los Angeles,90006
Los Angeles,90007
Los Angeles,90008
Los Angeles,90009
Los Angeles,90010
Los Angeles,90011
Los Angeles,90012
Los Angeles,90013
Los Angeles,90014
Los Angeles,90015
Los Angeles,90016
Los Angeles,90017
Los Angeles,90018
Los Angeles,90019
Los Angeles,90020
Los Angeles,90021
Los Angeles,90022
Los Angeles,90023
Los Angeles,90024
Los Angeles,90025
Los Angeles,90026
Los Angeles,90027
Los Angeles,90028
Los Angeles,90029
Los Angeles,90030
Los Angeles,90031
Los Angeles,90032
Los Angeles,90033
Los Angeles,90034
Los Angeles,90035
Los Angeles,90036
Los Angeles,90037
Los Angeles,90038
Los Angeles,90039
Los Angeles,90040
Los Angeles,90041
Los Angeles,90042
Los Angeles,90043
Los Angeles,90044
Los Angeles,90045
Los Angeles,90046
Los Angeles,90047
Los Angeles,90048
Los Angeles,90049
Los Angeles,90050
Los Angeles,90051
Los Angeles,90052
Los Angeles,90053
Los Angeles,90054
Los Angeles,90055
Los Angeles,90056
Los Angeles,90057
Los Angeles,90058
Los Angeles,90059
Los Angeles,90060
Los Angeles,90061
Los Angeles,90062
Los Angeles,90063
Los Angeles,90064
Los Angeles,90065
Los Angeles,90066
Los Angeles,90067
Los Angeles,90068
Los Angeles,90070
Los Angeles,90071
Los Angeles,90072
Los Angeles,90073
Los Angeles,90074
Los Angeles,90075
Los Angeles,90076
Los Angeles,90077
Los Angeles,90078
Los Angeles,90079
Los Angeles,90080
Los Angeles,90081
Los Angeles,90082
Los Angeles,90083
Los Angeles,90084
Los Angeles,90086
Los Angeles,90087
Los Angeles,90088
Los Angeles,90089
Los Angeles,90091
Los Angeles,90093
Los Angeles,90095
Los Angeles,90096
Los Angeles,90099
Los Angeles,90101
Los Angeles,90102
Los Angeles,90103
Los Angeles,90189
Los Angeles,90069
Los Angeles,90090
Los Angeles,90094
Los Angeles,90230
Los Angeles,91331
Los Angeles,91335
Long Beach,90801
Long Beach,90802
Long Beach,90803
Long Beach,90804
Long Beach,90805
Long Beach,90806
Long Beach,90807
Long Beach,90808
Long Beach,90809
Long Beach,90810
Long Beach,90813
Long Beach,90814
Long Beach,90815
Long Beach,90822
Long Beach,90831
Long Beach,90832
Long Beach,90833
Long Beach,90834
Long Beach,90835
Long Beach,90840
Long Beach,90842
Long Beach,90844
Long Beach,90845
Long Beach,90846
Long Beach,90847
Long Beach,90848
Long Beach,90853
Long Beach,90888
Long Beach,90899
Long Beach,90745
Long Beach,90746
Long Beach,90747
Long Beach,90749
Long Beach,90755
Long Beach,90895
Glendale,91201
Glendale,91202
Glendale,91203
Glendale,91204
Glendale,91205
Glendale,91206
Glendale,91207
Glendale,91208
Glendale,91209
Glendale,91210
Glendale,91221
Glendale,91222
Glendale,91225
Glendale,91226
Glendale,91214
Glendale,91224
Lancaster,93534
Lancaster,93535
Lancaster,93536
Lancaster,93539
Lancaster,93584
Lancaster,93586
Lancaster,93551
Palmdale,93550
Palmdale,93551
Palmdale,93552
Palmdale,93590
Palmdale,93591
Palmdale,93599
Santa Clarita,91350
Santa Clarita,91380
Santa Clarita,91382
Santa Clarita,91383
Santa Clarita,91390
Santa Clarita,91310
Santa Clarita,91321
Santa Clarita,91322
Santa Clarita,91351
Santa Clarita,91354
Santa Clarita,91355
Santa Clarita,91381
Santa Clarita,91384
Santa Clarita,91385
Santa Clarita,91386
Santa Clarita,91387
Pomona,91766
Pomona,91767
Pomona,91768
Pomona,91769
Pomona,91797
Pomona,91799
Pomona,91765
Torrance,90501
Torrance,90502
Torrance,90503
Torrance,90504
Torrance,90505
Torrance,90506
Torrance,90507
Torrance,90508
Torrance,90509
Torrance,90510
Pasadena,91101
Pasadena,91102
Pasadena,91103
Pasadena,91104
Pasadena,91105
Pasadena,91106
Pasadena,91107
Pasadena,91109
Pasadena,91110
Pasadena,91114
Pasadena,91115
Pasadena,91116
Pasadena,91117
Pasadena,91121
Pasadena,91123
Pasadena,91124
Pasadena,91125
Pasadena,91126
Pasadena,91129
Pasadena,91131
Pasadena,91182
Pasadena,91184
Pasadena,91185
Pasadena,91188
Pasadena,91189
Pasadena,91191
Pasadena,91199
Pasadena,91108
Pasadena,91118
Inglewood,90301
Inglewood,90302
Inglewood,90303
Inglewood,90304
Inglewood,90305
Inglewood,90306
Inglewood,90307
Inglewood,90308
Inglewood,90309
Inglewood,90310
Inglewood,90311
Inglewood,90312
Inglewood,90313
Inglewood,90397
Inglewood,90398
Compton,90220
Compton,90221
Compton,90222
Compton,90223
Compton,90224
Downey,90239
Downey,90240
Downey,90241
Downey,90242
West Covina,91790
West Covina,91791
West Covina,91792
West Covina,91793
Norwalk,90650
Norwalk,90651
Norwalk,90652
Norwalk,90659
Burbank,91501
Burbank,91502
Burbank,91503
Burbank,91504
Burbank,91505
Burbank,91506
Burbank,91507
Burbank,91508
Burbank,91510
Burbank,91521
Burbank,91522
Burbank,91523
Burbank,91526
South Gate,90280
El Monte,91731
El Monte,91732
El Monte,91734
El Monte,91735
El Monte,91733
Whittier,90601
Whittier,90602
Whittier,90603
Whittier,90604
Whittier,90605
Whittier,90606
Whittier,90607
Whittier,90608
Whittier,90609
Whittier,90610
Whittier,90612
Alhambra,91801
Alhambra,91802
Alhambra,91803
Alhambra,91804
Alhambra,91841
Alhambra,91896
Alhambra,91899
